scenario,distance,fuel,contrail_exposure,weather_exposure,traffic_proximity
Balanced,226.26529662652194,1357.5917797591314,0.0,0.0,0.0
Fuel Efficiency,221.7399906939915,1248.984437378401,0.0,0.0,0.0
Environmental,237.57856145784805,1466.199122139862,0.0,0.0,0.0
Safety,244.36652035664372,1493.3509577350446,0.0,0.0,0.0
